-- --------------------------------------------------------
-- 主机:                           192.168.1.186
-- 服务器版本:                        8.0.17 - MySQL Community Server - GPL
-- 服务器OS:                        Win64
-- HeidiSQL 版本:                  10.2.0.5599
-- --------------------------------------------------------

/*!40101 SET @OLD_CHARACTER_SET_CLIENT=@@CHARACTER_SET_CLIENT */;
/*!40101 SET NAMES utf8 */;
/*!50503 SET NAMES utf8mb4 */;
/*!40014 SET @OLD_FOREIGN_KEY_CHECKS=@@FOREIGN_KEY_CHECKS, FOREIGN_KEY_CHECKS=0 */;
/*!40101 SET @OLD_SQL_MODE=@@SQL_MODE, SQL_MODE='NO_AUTO_VALUE_ON_ZERO' */;


-- Dumping database structure for zhiyuan
CREATE DATABASE IF NOT EXISTS `zhiyuan` /*!40100 DEFAULT CHARACTER SET utf8mb4 COLLATE utf8mb4_0900_ai_ci */ /*!80016 DEFAULT ENCRYPTION='N' */;
USE `zhiyuan`;

-- Dumping structure for table zhiyuan.speciality
CREATE TABLE IF NOT EXISTS `speciality` (
  `id` int(11) NOT NULL AUTO_INCREMENT,
  `userId` int(11) NOT NULL DEFAULT '0',
  `name` varchar(50) NOT NULL DEFAULT '0',
  `total` int(11) NOT NULL DEFAULT '0',
  `zong` int(11) NOT NULL DEFAULT '0',
  PRIMARY KEY (`id`)
) ENGINE=InnoDB AUTO_INCREMENT=64 DEFAULT CHARSET=utf8mb4 COLLATE=utf8mb4_0900_ai_ci COMMENT='专业表';

-- Dumping data for table zhiyuan.speciality: ~13 rows (大约)
DELETE FROM `speciality`;
/*!40000 ALTER TABLE `speciality` DISABLE KEYS */;
INSERT INTO `speciality` (`id`, `userId`, `name`, `total`, `zong`) VALUES
	(0, 0, '无', 0, 0),
	(1, 2, '法学', 5, 5),
	(2, 2, '土木工程', 5, 5),
	(3, 2, '会计与金融', 5, 5),
	(4, 2, '机械工程', 5, 5),
	(5, 3, '理论经济学', 5, 5),
	(6, 3, '马克思主义理论', 5, 5),
	(7, 3, '心理学', 5, 5),
	(8, 3, '地理学', 5, 5),
	(9, 4, '中国语言文学', 5, 5),
	(10, 4, '中西医结合', 5, 5),
	(11, 4, '物理学', 5, 5),
	(12, 4, '软件工程', 5, 5),
	(13, 5, '理论经济学', 5, 5),
	(14, 5, '新闻传播学', 5, 5),
	(15, 5, '公共管理', 5, 5),
	(16, 5, '统计学', 5, 5),
	(17, 6, '矿业工程', 5, 5),
	(18, 6, '系统科学', 5, 5),
	(19, 6, '土木工程', 5, 5),
	(20, 6, '地质学', 5, 5),
	(21, 7, '法学', 5, 5),
	(22, 8, '化学', 5, 5),
	(23, 8, '数学', 5, 5),
	(24, 8, '统计学', 5, 5),
	(25, 8, '材料科学与工程', 5, 5),
	(26, 9, '化学工程与技术', 5, 5),
	(27, 9, '化学', 5, 5),
	(28, 9, '世界史', 5, 5),
	(29, 10, '纺织科学与工程', 5, 5),
	(30, 11, '机械工程', 5, 5),
	(31, 11, '电气工程', 5, 5),
	(32, 11, '土木工程', 5, 5),
	(33, 12, '海洋科学', 5, 5),
	(34, 12, '金融学', 5, 5),
	(35, 12, '生态学', 5, 5),
	(36, 12, '统计学', 5, 5),
	(37, 13, '软件工程', 5, 5),
	(38, 13, '计算机与科学', 5, 5),
	(39, 13, '化学', 5, 5),
	(40, 14, '机械工程', 5, 5),
	(41, 14, '土木工程', 5, 5),
	(42, 14, '计算机与科学', 5, 5),
	(43, 14, '控制科学与工程', 5, 5),
	(44, 14, '力学', 5, 5),
	(45, 15, '机械工程', 5, 5),
	(46, 15, '软件工程', 5, 5),
	(47, 15, '计算机与科学', 5, 5),
	(48, 15, '工艺美术', 5, 5),
	(49, 16, '土木工程', 5, 5),
	(50, 16, '岩土工程', 5, 5),
	(51, 16, '软件工程', 5, 5),
	(52, 17, '会计学', 5, 5),
	(53, 17, '商务英语', 5, 5),
	(54, 17, '外国语言文学', 5, 5),
	(55, 18, '网络工程', 5, 5),
	(56, 18, '工程造价', 5, 5),
	(57, 18, '建筑设计', 5, 5),
	(58, 19, '工程造价', 5, 5),
	(59, 19, '土木工程', 5, 5),
	(60, 19, '软件工程', 5, 5),
	(61, 20, '计算机与科学', 5, 5),
	(62, 20, '管理学', 5, 5),
	(63, 20, '土木工程学', 5, 5);
/*!40000 ALTER TABLE `speciality` ENABLE KEYS */;

-- Dumping structure for table zhiyuan.student
CREATE TABLE IF NOT EXISTS `student` (
  `id` int(11) NOT NULL AUTO_INCREMENT,
  `mathScore` int(11) NOT NULL DEFAULT '0',
  `englishScore` int(11) NOT NULL DEFAULT '0',
  `majorScore` int(11) NOT NULL DEFAULT '0',
  `rank` int(11) NOT NULL DEFAULT '0',
  `counter` int(11) NOT NULL DEFAULT '0',
  `totalScore` int(11) NOT NULL DEFAULT '0',
  `userId` int(11) NOT NULL DEFAULT '0',
  `updateTime` datetime NOT NULL DEFAULT CURRENT_TIMESTAMP ON UPDATE CURRENT_TIMESTAMP,
  `insertTime` datetime NOT NULL DEFAULT CURRENT_TIMESTAMP,
  PRIMARY KEY (`id`)
) ENGINE=InnoDB AUTO_INCREMENT=209 DEFAULT CHARSET=utf8mb4 COLLATE=utf8mb4_0900_ai_ci;

-- Dumping data for table zhiyuan.student: ~3 rows (大约)
DELETE FROM `student`;
/*!40000 ALTER TABLE `student` DISABLE KEYS */;
INSERT INTO `student` (`id`, `mathScore`, `englishScore`, `majorScore`, `rank`, `counter`, `totalScore`, `userId`, `updateTime`, `insertTime`) VALUES
	(1, 150, 150, 300, 1, 0, 600, 100, '2020-01-06 16:26:40', '2020-01-06 09:26:08'),
	(103, 148, 150, 300, 2, 0, 598, 101, '2020-01-08 22:21:59', '2020-01-08 22:21:34'),
	(104, 150, 147, 300, 3, 0, 597, 102, '2020-01-08 22:45:17', '2020-01-08 22:21:57'),
	(109, 145, 145, 300, 5, 0, 590, 105, '2020-01-08 23:25:08', '2020-01-08 23:24:00'),
	(110, 147, 83, 171, 54, 0, 401, 108, '2020-01-08 23:25:09', '2020-01-08 23:25:06'),
	(111, 53, 76, 179, 103, 0, 308, 109, '2020-01-08 23:25:09', '2020-01-08 23:25:07'),
	(112, 71, 68, 228, 75, 0, 367, 110, '2020-01-08 23:25:09', '2020-01-08 23:25:07'),
	(113, 124, 75, 242, 28, 0, 441, 111, '2020-01-08 23:25:08', '2020-01-08 23:25:07'),
	(114, 50, 105, 231, 65, 0, 386, 112, '2020-01-08 23:25:09', '2020-01-08 23:25:07'),
	(115, 66, 125, 237, 39, 0, 428, 113, '2020-01-08 23:25:08', '2020-01-08 23:25:07'),
	(116, 66, 127, 171, 79, 0, 364, 114, '2020-01-08 23:25:09', '2020-01-08 23:25:07'),
	(117, 122, 55, 162, 95, 0, 339, 115, '2020-01-08 23:25:09', '2020-01-08 23:25:07'),
	(118, 55, 66, 289, 50, 0, 410, 116, '2020-01-08 23:25:09', '2020-01-08 23:25:07'),
	(119, 88, 115, 210, 45, 0, 413, 117, '2020-01-08 23:25:09', '2020-01-08 23:25:07'),
	(120, 132, 58, 221, 48, 0, 411, 118, '2020-01-08 23:25:09', '2020-01-08 23:25:07'),
	(121, 56, 84, 200, 93, 0, 340, 119, '2020-01-08 23:25:09', '2020-01-08 23:25:07'),
	(122, 136, 58, 232, 41, 0, 426, 120, '2020-01-08 23:25:08', '2020-01-08 23:25:07'),
	(123, 53, 85, 225, 82, 0, 363, 121, '2020-01-08 23:25:09', '2020-01-08 23:25:07'),
	(124, 86, 54, 255, 60, 0, 395, 122, '2020-01-08 23:25:09', '2020-01-08 23:25:07'),
	(125, 73, 87, 245, 52, 0, 405, 123, '2020-01-08 23:25:09', '2020-01-08 23:25:07'),
	(126, 92, 52, 276, 43, 0, 420, 124, '2020-01-08 23:25:08', '2020-01-08 23:25:07'),
	(127, 96, 59, 169, 100, 0, 324, 125, '2020-01-08 23:25:09', '2020-01-08 23:25:07'),
	(128, 56, 96, 178, 96, 0, 330, 126, '2020-01-08 23:25:09', '2020-01-08 23:25:07'),
	(129, 92, 128, 212, 33, 0, 432, 127, '2020-01-08 23:25:08', '2020-01-08 23:25:07'),
	(130, 66, 57, 207, 97, 0, 330, 128, '2020-01-08 23:25:09', '2020-01-08 23:25:07'),
	(131, 114, 71, 163, 90, 0, 348, 129, '2020-01-08 23:25:09', '2020-01-08 23:25:07'),
	(132, 83, 81, 179, 91, 0, 343, 130, '2020-01-08 23:25:09', '2020-01-08 23:25:07'),
	(133, 138, 104, 207, 23, 0, 449, 131, '2020-01-08 23:25:08', '2020-01-08 23:25:07'),
	(134, 66, 120, 279, 18, 0, 465, 132, '2020-01-08 23:25:08', '2020-01-08 23:25:07'),
	(135, 114, 55, 216, 66, 0, 385, 133, '2020-01-08 23:25:09', '2020-01-08 23:25:07'),
	(136, 115, 140, 175, 35, 0, 430, 134, '2020-01-08 23:25:08', '2020-01-08 23:25:07'),
	(137, 55, 96, 241, 61, 0, 392, 135, '2020-01-08 23:25:09', '2020-01-08 23:25:07'),
	(138, 69, 94, 272, 30, 0, 435, 136, '2020-01-08 23:25:08', '2020-01-08 23:25:07'),
	(139, 77, 56, 209, 92, 0, 342, 137, '2020-01-08 23:25:09', '2020-01-08 23:25:07'),
	(140, 69, 88, 285, 27, 0, 442, 138, '2020-01-08 23:25:08', '2020-01-08 23:25:07'),
	(141, 120, 80, 190, 63, 0, 390, 139, '2020-01-08 23:25:09', '2020-01-08 23:25:07'),
	(142, 148, 51, 165, 80, 0, 364, 140, '2020-01-08 23:25:09', '2020-01-08 23:25:07'),
	(143, 113, 93, 217, 42, 0, 423, 141, '2020-01-08 23:25:08', '2020-01-08 23:25:07'),
	(144, 90, 60, 246, 58, 0, 396, 142, '2020-01-08 23:25:09', '2020-01-08 23:25:07'),
	(145, 56, 118, 183, 87, 0, 357, 143, '2020-01-08 23:25:09', '2020-01-08 23:25:07'),
	(146, 85, 74, 169, 98, 0, 328, 144, '2020-01-08 23:25:09', '2020-01-08 23:25:07'),
	(147, 71, 106, 267, 26, 0, 444, 145, '2020-01-08 23:25:08', '2020-01-08 23:25:07'),
	(148, 98, 67, 284, 24, 0, 449, 146, '2020-01-08 23:25:08', '2020-01-08 23:25:07'),
	(149, 135, 136, 232, 8, 0, 503, 147, '2020-01-08 23:25:08', '2020-01-08 23:25:07'),
	(150, 113, 81, 244, 29, 0, 438, 148, '2020-01-08 23:25:08', '2020-01-08 23:25:07'),
	(151, 117, 71, 257, 25, 0, 445, 149, '2020-01-08 23:25:08', '2020-01-08 23:25:07'),
	(152, 110, 71, 228, 51, 0, 409, 150, '2020-01-08 23:25:09', '2020-01-08 23:25:07'),
	(153, 71, 67, 229, 76, 0, 367, 151, '2020-01-08 23:25:09', '2020-01-08 23:25:07'),
	(154, 67, 68, 219, 89, 0, 354, 152, '2020-01-08 23:25:09', '2020-01-08 23:25:07'),
	(155, 100, 86, 243, 38, 0, 429, 153, '2020-01-08 23:25:08', '2020-01-08 23:25:07'),
	(156, 79, 84, 194, 88, 0, 357, 154, '2020-01-08 23:25:09', '2020-01-08 23:25:07'),
	(157, 148, 105, 300, 6, 0, 553, 155, '2020-01-08 23:25:08', '2020-01-08 23:25:07'),
	(158, 130, 82, 266, 15, 0, 478, 156, '2020-01-08 23:25:08', '2020-01-08 23:25:07'),
	(159, 76, 77, 166, 102, 0, 319, 157, '2020-01-08 23:25:09', '2020-01-08 23:25:07'),
	(160, 105, 129, 257, 13, 0, 491, 158, '2020-01-08 23:25:08', '2020-01-08 23:25:07'),
	(161, 61, 146, 223, 36, 0, 430, 159, '2020-01-08 23:25:08', '2020-01-08 23:25:07'),
	(162, 79, 141, 161, 67, 0, 381, 160, '2020-01-08 23:25:09', '2020-01-08 23:25:07'),
	(163, 110, 74, 174, 86, 0, 358, 161, '2020-01-08 23:25:09', '2020-01-08 23:25:07'),
	(164, 83, 59, 258, 56, 0, 400, 162, '2020-01-08 23:25:09', '2020-01-08 23:25:07'),
	(165, 100, 122, 208, 37, 0, 430, 163, '2020-01-08 23:25:08', '2020-01-08 23:25:07'),
	(166, 108, 119, 205, 34, 0, 432, 164, '2020-01-08 23:25:08', '2020-01-08 23:25:07'),
	(167, 54, 86, 235, 70, 0, 375, 165, '2020-01-08 23:25:09', '2020-01-08 23:25:07'),
	(168, 101, 127, 283, 7, 0, 511, 166, '2020-01-08 23:25:08', '2020-01-08 23:25:07'),
	(169, 112, 62, 276, 22, 0, 450, 167, '2020-01-08 23:25:08', '2020-01-08 23:25:07'),
	(170, 114, 88, 281, 14, 0, 483, 168, '2020-01-08 23:25:08', '2020-01-08 23:25:07'),
	(171, 78, 80, 163, 101, 0, 321, 169, '2020-01-08 23:25:09', '2020-01-08 23:25:07'),
	(172, 80, 62, 152, 104, 0, 294, 170, '2020-01-08 23:25:09', '2020-01-08 23:25:07'),
	(173, 93, 124, 281, 10, 0, 498, 171, '2020-01-08 23:25:08', '2020-01-08 23:25:07'),
	(174, 69, 107, 257, 32, 0, 433, 172, '2020-01-08 23:25:08', '2020-01-08 23:25:07'),
	(175, 135, 143, 175, 21, 0, 453, 173, '2020-01-08 23:25:08', '2020-01-08 23:25:07'),
	(176, 57, 74, 234, 78, 0, 365, 174, '2020-01-08 23:25:09', '2020-01-08 23:25:07'),
	(177, 68, 94, 211, 71, 0, 373, 175, '2020-01-08 23:25:09', '2020-01-08 23:25:07'),
	(178, 113, 50, 250, 46, 0, 413, 176, '2020-01-08 23:25:09', '2020-01-08 23:25:07'),
	(179, 74, 53, 242, 73, 0, 369, 177, '2020-01-08 23:25:09', '2020-01-08 23:25:07'),
	(180, 97, 146, 257, 9, 0, 500, 178, '2020-01-08 23:25:08', '2020-01-08 23:25:07'),
	(181, 112, 134, 151, 57, 0, 397, 179, '2020-01-08 23:25:09', '2020-01-08 23:25:07'),
	(182, 72, 86, 260, 44, 0, 418, 180, '2020-01-08 23:25:08', '2020-01-08 23:25:07'),
	(183, 147, 90, 236, 16, 0, 473, 181, '2020-01-08 23:25:08', '2020-01-08 23:25:07'),
	(184, 100, 85, 177, 85, 0, 362, 182, '2020-01-08 23:25:09', '2020-01-08 23:25:07'),
	(185, 110, 140, 212, 19, 0, 462, 183, '2020-01-08 23:25:08', '2020-01-08 23:25:07'),
	(186, 51, 110, 179, 94, 0, 340, 184, '2020-01-08 23:25:09', '2020-01-08 23:25:07'),
	(187, 147, 84, 261, 12, 0, 492, 185, '2020-01-08 23:25:08', '2020-01-08 23:25:07'),
	(188, 78, 77, 256, 49, 0, 411, 186, '2020-01-08 23:25:09', '2020-01-08 23:25:07'),
	(189, 78, 51, 247, 69, 0, 376, 187, '2020-01-08 23:25:09', '2020-01-08 23:25:07'),
	(190, 81, 141, 248, 17, 0, 470, 188, '2020-01-08 23:25:08', '2020-01-08 23:25:07'),
	(191, 127, 52, 234, 47, 0, 413, 189, '2020-01-08 23:25:09', '2020-01-08 23:25:07'),
	(192, 116, 76, 211, 53, 0, 403, 190, '2020-01-08 23:25:09', '2020-01-08 23:25:07'),
	(193, 85, 69, 215, 74, 0, 369, 191, '2020-01-08 23:25:09', '2020-01-08 23:25:07'),
	(194, 54, 61, 262, 68, 0, 377, 192, '2020-01-08 23:25:09', '2020-01-08 23:25:07'),
	(195, 138, 70, 159, 77, 0, 367, 193, '2020-01-08 23:25:09', '2020-01-08 23:25:07'),
	(196, 58, 125, 218, 55, 0, 401, 194, '2020-01-08 23:25:09', '2020-01-08 23:25:07'),
	(197, 123, 77, 191, 62, 0, 391, 195, '2020-01-08 23:25:09', '2020-01-08 23:25:08'),
	(198, 90, 119, 250, 20, 0, 459, 196, '2020-01-08 23:25:08', '2020-01-08 23:25:08'),
	(199, 69, 96, 198, 83, 0, 363, 197, '2020-01-08 23:25:09', '2020-01-08 23:25:08'),
	(200, 74, 66, 224, 81, 0, 364, 198, '2020-01-08 23:25:09', '2020-01-08 23:25:08'),
	(201, 140, 64, 186, 64, 0, 390, 199, '2020-01-08 23:25:09', '2020-01-08 23:25:08'),
	(202, 142, 96, 258, 11, 0, 496, 200, '2020-01-08 23:25:08', '2020-01-08 23:25:08'),
	(203, 69, 135, 192, 59, 0, 396, 201, '2020-01-08 23:25:09', '2020-01-08 23:25:08'),
	(204, 64, 56, 243, 84, 0, 363, 202, '2020-01-08 23:25:09', '2020-01-08 23:25:08'),
	(205, 86, 80, 162, 99, 0, 328, 203, '2020-01-08 23:25:09', '2020-01-08 23:25:08'),
	(206, 89, 80, 258, 40, 0, 427, 204, '2020-01-08 23:25:08', '2020-01-08 23:25:08'),
	(207, 52, 122, 196, 72, 0, 370, 205, '2020-01-08 23:25:09', '2020-01-08 23:25:08'),
	(208, 50, 149, 236, 31, 0, 435, 206, '2020-01-08 23:25:08', '2020-01-08 23:25:08');
/*!40000 ALTER TABLE `student` ENABLE KEYS */;

-- Dumping structure for table zhiyuan.user
CREATE TABLE IF NOT EXISTS `user` (
  `id` int(10) unsigned NOT NULL AUTO_INCREMENT,
  `nickname` varchar(16) NOT NULL DEFAULT '',
  `username` varchar(16) NOT NULL DEFAULT '',
  `password` varchar(64) NOT NULL DEFAULT '',
  `role` varchar(10) NOT NULL DEFAULT 'student',
  `remark` varchar(200) NOT NULL DEFAULT '',
  `insertTime` datetime NOT NULL DEFAULT CURRENT_TIMESTAMP,
  `updateTime` datetime NOT NULL DEFAULT CURRENT_TIMESTAMP ON UPDATE CURRENT_TIMESTAMP,
  PRIMARY KEY (`id`),
  UNIQUE KEY `loginName` (`username`)
) ENGINE=InnoDB AUTO_INCREMENT=207 DEFAULT CHARSET=utf8mb4 COLLATE=utf8mb4_0900_ai_ci ROW_FORMAT=DYNAMIC;

-- Dumping data for table zhiyuan.user: ~0 rows (大约)
DELETE FROM `user`;
/*!40000 ALTER TABLE `user` DISABLE KEYS */;
INSERT INTO `user` (`id`, `nickname`, `username`, `password`, `role`, `remark`, `insertTime`, `updateTime`) VALUES
	(0, '无', '', '', 'school', '', '2020-01-06 07:42:42', '2020-01-08 01:51:50'),
	(1, '考试院', 'admin', 'admin', 'ksy', '', '2020-01-02 01:46:19', '2020-01-06 09:02:53'),
	(2, '清华大学', 'qinghua', 'qinghua', 'school', '', '2020-01-08 22:20:06', '2020-01-08 22:20:13'),
	(3, '北京大学', 'beijing', 'beijing', 'school', '', '2020-01-08 22:20:29', '2020-01-08 22:20:31'),
	(4, '复旦大学', 'fudan', 'fudan', 'school', '', '2020-01-08 22:27:06', '2020-01-08 22:27:06'),
	(5, '中国人民大学', 'renmin', 'renmin', 'school', '', '2020-01-08 22:27:06', '2020-01-08 22:27:06'),
	(6, '北京交通大学', 'jiaotong', 'jiaotong', 'school', '', '2020-01-08 22:27:06', '2020-01-08 22:27:06'),
	(7, '中国政法大学', 'zhengfa', 'zhengfa', 'school', '', '2020-01-08 22:27:06', '2020-01-08 22:27:06'),
	(8, '南开大学', 'nankai', 'nankai', 'school', '', '2020-01-08 22:27:06', '2020-01-08 22:27:06'),
	(9, '天津大学', 'tianjin', 'tianjin', 'school', '', '2020-01-08 22:27:06', '2020-01-08 22:27:06'),
	(10, '东华大学', 'donghua', 'donghua', 'school', '', '2020-01-08 22:27:06', '2020-01-08 22:27:06'),
	(11, '重庆大学', 'chongqing', 'chongqing', 'school', '', '2020-01-08 22:27:06', '2020-01-08 22:27:06'),
	(12, '厦门大学', 'xiamen', 'xiamen', 'school', '', '2020-01-08 22:27:06', '2020-01-08 22:27:06'),
	(13, '福州大学', 'fuzhou', 'fuzhou', 'school', '', '2020-01-08 22:27:06', '2020-01-08 22:27:06'),
	(14, '哈尔滨工业大学', 'haerbin', 'haerbin', 'school', '', '2020-01-08 22:27:06', '2020-01-08 22:27:06'),
	(15, '厦门理工学院', 'xmut', 'xmut', 'school', '', '2020-01-08 22:29:44', '2020-01-08 22:29:44'),
	(16, '华侨大学', 'huaqiao', 'huaqiao', 'school', '', '2020-01-08 22:29:44', '2020-01-08 22:29:44'),
	(17, '集美大学', 'jimei', 'jimei', 'school', '', '2020-01-08 22:29:44', '2020-01-08 22:29:44'),
	(18, '福建工程学院', 'gongcheng', 'gongcheng', 'school', '', '2020-01-08 22:29:44', '2020-01-08 22:29:44'),
	(19, '厦门工学院', 'gongxueyuan', 'gongxueyuan', 'school', '', '2020-01-08 22:29:44', '2020-01-08 22:29:44'),
	(20, '泉州师范学院', 'quanshi', 'quanshi', 'school', '', '2020-01-08 22:29:44', '2020-01-08 22:29:44'),
	(100, '牛楠楠', '3500100', '123456', 'student', '色盲', '2020-01-06 01:00:16', '2020-01-08 22:22:57'),
	(101, '欧阳一', '3500101', '123456', 'student', '', '2020-01-06 16:18:14', '2020-01-08 22:22:58'),
	(102, '毛浩伟', '3500102', '123456', 'student', '', '2020-01-06 16:18:29', '2020-01-08 22:23:00'),
	(105, '赵国栋', '3500103', '123456', 'student', '', '2020-01-08 22:22:35', '2020-01-08 22:23:06'),
	(108, '史文静', '3500104', '123456', 'student', '', '2020-01-08 22:23:27', '2020-01-08 22:23:27'),
	(109, '陈智超', '3500105', '123456', 'student', '', '2020-01-08 22:23:44', '2020-01-08 22:23:44'),
	(110, '陈书林', '3500106', '123456', 'student', '', '2020-01-08 22:23:59', '2020-01-08 22:23:59'),
	(111, '张剑雄', '3500107', '123456', 'student', '', '2020-01-08 22:24:16', '2020-01-08 22:24:16'),
	(112, '王旭东', '3500108', '123456', 'student', '', '2020-01-08 22:24:30', '2020-01-08 22:24:30'),
	(113, '余燕芬', '3500109', '123456', 'student', '', '2020-01-08 22:24:43', '2020-01-08 22:24:43'),
	(114, '林瑷红', '3500110', '123456', 'student', '', '2020-01-08 22:25:00', '2020-01-08 22:25:00'),
	(115, '林望宇', '3500111', '123456', 'student', '', '2020-01-08 22:25:12', '2020-01-08 22:25:12'),
	(116, '苏英硕', '3500112', '123456', 'student', '', '2020-01-08 22:25:26', '2020-01-08 22:25:26'),
	(117, '王淑贤', '3500113', '123456', 'student', '', '2020-01-08 22:25:40', '2020-01-08 22:25:40'),
	(118, '赵成杰', '3500114', '123456', 'student', '', '2020-01-08 22:25:53', '2020-01-08 22:25:53'),
	(119, '吕梦丹', '3500115', '123456', 'student', '', '2020-01-08 22:26:13', '2020-01-08 22:26:13'),
	(120, '邵思静', '3500116', '123456', 'student', '', '2020-01-08 22:26:28', '2020-01-08 22:26:28'),
	(121, '陈丹妮', '3500117', '123456', 'student', '', '2020-01-08 22:26:46', '2020-01-08 22:26:46'),
	(122, '关钧译', '3500118', '123456', 'student', '', '2020-01-08 22:27:01', '2020-01-08 22:27:01'),
	(123, '陈淼', '3500119', '123456', 'student', '', '2020-01-08 22:27:13', '2020-01-08 22:27:13'),
	(124, '李云龙', '3500120', '123456', 'student', '', '2020-01-08 22:27:28', '2020-01-08 22:27:28'),
	(125, '尚鹤', '3500121', '123456', 'student', '', '2020-01-08 22:27:40', '2020-01-08 22:27:40'),
	(126, '邹宗圣', '3500122', '123456', 'student', '', '2020-01-08 22:27:57', '2020-01-08 22:27:57'),
	(127, '汪晓东', '3500123', '123456', 'student', '', '2020-01-08 22:28:40', '2020-01-08 22:28:40'),
	(128, '胡哲', '3500124', '123456', 'student', '', '2020-01-08 22:28:54', '2020-01-08 22:28:54'),
	(129, '余静洋', '3500125', '123456', 'student', '', '2020-01-08 22:29:05', '2020-01-08 22:29:05'),
	(130, '赵炳钦', '3500126', '123456', 'student', '', '2020-01-08 22:29:19', '2020-01-08 22:29:19'),
	(131, '熊梓栋', '3500127', '123456', 'student', '', '2020-01-08 22:29:40', '2020-01-08 22:29:40'),
	(132, '赵毅', '3500128', '123456', 'student', '', '2020-01-08 22:29:51', '2020-01-08 22:29:51'),
	(133, '张志威', '3500129', '123456', 'student', '', '2020-01-08 22:30:09', '2020-01-08 22:30:09'),
	(135, '欧阳祎', '3500130', '123456', 'student', '', '2020-01-08 22:31:17', '2020-01-08 22:31:17'),
	(136, '王洁', '3500131', '123456', 'student', '', '2020-01-08 22:31:33', '2020-01-08 22:31:33'),
	(137, '罗力铭', '3500132', '123456', 'student', '', '2020-01-08 22:31:45', '2020-01-08 22:31:45'),
	(138, '张倍榕', '3500133', '123456', 'student', '', '2020-01-08 22:32:01', '2020-01-08 22:32:01'),
	(139, '张曈', '3500134', '123456', 'student', '', '2020-01-08 22:32:15', '2020-01-08 22:32:15'),
	(140, '拉珍', '3500135', '123456', 'student', '', '2020-01-08 22:32:26', '2020-01-08 22:32:26'),
	(141, '周旭栋', '3500136', '123456', 'student', '', '2020-01-08 22:32:38', '2020-01-08 22:32:38'),
	(142, '张康康', '3500137', '123456', 'student', '', '2020-01-08 22:32:49', '2020-01-08 22:32:49'),
	(143, '王钰颖', '3500138', '123456', 'student', '', '2020-01-08 22:33:01', '2020-01-08 22:33:01'),
	(144, '杨瑞锟', '3500139', '123456', 'student', '', '2020-01-08 22:33:12', '2020-01-08 22:33:12'),
	(145, '林海茜', '3500140', '123456', 'student', '', '2020-01-08 22:33:25', '2020-01-08 22:33:25'),
	(146, '郭艺红', '3500141', '123456', 'student', '', '2020-01-08 22:33:35', '2020-01-08 22:33:35'),
	(147, '李凤玲', '3500142', '123456', 'student', '', '2020-01-08 22:33:46', '2020-01-08 22:33:46'),
	(148, '张昌', '3500143', '123456', 'student', '', '2020-01-08 22:34:00', '2020-01-08 22:34:00'),
	(149, '喻保玉', '3500144', '123456', 'student', '', '2020-01-08 22:34:12', '2020-01-08 22:34:12'),
	(150, '姚雯雨', '3500145', '123456', 'student', '', '2020-01-08 22:34:33', '2020-01-08 22:34:33'),
	(151, '范琳婕', '3500146', '123456', 'student', '', '2020-01-08 22:34:45', '2020-01-08 22:34:45'),
	(152, '李奕臻', '3500147', '123456', 'student', '', '2020-01-08 22:34:56', '2020-01-08 22:34:56'),
	(153, '赵雪娇', '3500148', '123456', 'student', '', '2020-01-08 22:35:11', '2020-01-08 22:35:11'),
	(154, '闫雨', '3500149', '123456', 'student', '', '2020-01-08 22:35:22', '2020-01-08 22:35:22'),
	(155, '吴雨秋', '3500150', '123456', 'student', '', '2020-01-08 22:35:33', '2020-01-08 22:35:33'),
	(156, '江敏', '3500151', '123456', 'student', '', '2020-01-08 22:35:43', '2020-01-08 22:35:43'),
	(157, '猫恩凡', '3500152', '123456', 'student', '', '2020-01-08 22:35:53', '2020-01-08 22:35:53'),
	(158, '胡浩', '3500153', '123456', 'student', '', '2020-01-08 22:36:04', '2020-01-08 22:36:04'),
	(159, '王迪', '3500154', '123456', 'student', '', '2020-01-08 22:36:19', '2020-01-08 22:36:19'),
	(160, '赵妍', '3500155', '123456', 'student', '', '2020-01-08 22:37:49', '2020-01-08 22:37:49'),
	(161, '扎西巴吉', '3500156', '123456', 'student', '', '2020-01-08 22:37:58', '2020-01-08 22:37:58'),
	(162, '扎西平措', '3500157', '123456', 'student', '', '2020-01-08 22:38:09', '2020-01-08 22:38:09'),
	(163, '张少华', '3500158', '123456', 'student', '', '2020-01-08 22:38:21', '2020-01-08 22:38:21'),
	(164, '方言', '3500159', '123456', 'student', '', '2020-01-08 22:38:33', '2020-01-08 22:38:33'),
	(165, '高语扬', '3500160', '123456', 'student', '', '2020-01-08 22:38:44', '2020-01-08 22:38:44'),
	(166, '马自超', '3500161', '123456', 'student', '', '2020-01-08 22:38:55', '2020-01-08 22:38:55'),
	(167, '杨林', '3500162', '123456', 'student', '', '2020-01-08 22:39:08', '2020-01-08 22:39:08'),
	(168, '乔伟', '3500163', '123456', 'student', '', '2020-01-08 22:39:24', '2020-01-08 22:39:24'),
	(169, '罗冬香', '3500164', '123456', 'student', '', '2020-01-08 22:39:34', '2020-01-08 22:39:34'),
	(170, '李雨轩', '3500165', '123456', 'student', '', '2020-01-08 22:39:46', '2020-01-08 22:39:46'),
	(171, '张新竹', '3500166', '123456', 'student', '', '2020-01-08 22:39:59', '2020-01-08 22:39:59'),
	(172, '李佳倪', '3500167', '123456', 'student', '', '2020-01-08 22:40:10', '2020-01-08 22:40:10'),
	(173, '赵曼瑶', '3500168', '123456', 'student', '', '2020-01-08 22:40:19', '2020-01-08 22:40:19'),
	(174, '王涵', '3500169', '123456', 'student', '', '2020-01-08 22:40:31', '2020-01-08 22:40:31'),
	(175, '高煊', '3500170', '123456', 'student', '', '2020-01-08 22:40:41', '2020-01-08 22:40:41'),
	(176, '肖金坤', '3500171', '123456', 'student', '', '2020-01-08 22:40:52', '2020-01-08 22:40:52'),
	(177, '赵佳俊', '3500172', '123456', 'student', '', '2020-01-08 22:41:03', '2020-01-08 22:41:03'),
	(178, '王轶群', '3500173', '123456', 'student', '', '2020-01-08 22:41:20', '2020-01-08 22:41:20'),
	(179, '徐成', '3500174', '123456', 'student', '', '2020-01-08 22:41:34', '2020-01-08 22:41:34'),
	(180, '郜明慧', '3500175', '123456', 'student', '', '2020-01-08 22:41:43', '2020-01-08 22:41:50'),
	(181, '詹志鑫', '3500176', '123456', 'student', '', '2020-01-08 22:42:12', '2020-01-08 22:42:12'),
	(182, '李靖萱', '3500177', '123456', 'student', '', '2020-01-08 22:43:06', '2020-01-08 22:43:06'),
	(183, '赵柏洋', '3500178', '123456', 'student', '', '2020-01-08 22:43:16', '2020-01-08 22:43:16'),
	(184, '庄宇', '3500179', '123456', 'student', '', '2020-01-08 22:43:29', '2020-01-08 22:43:29'),
	(185, '范晓萱', '3500180', '123456', 'student', '', '2020-01-08 22:43:41', '2020-01-08 22:43:41'),
	(186, '郭雅君', '3500181', '123456', 'student', '', '2020-01-08 22:43:53', '2020-01-08 22:43:53'),
	(187, '王炳坤', '3500182', '123456', 'student', '', '2020-01-08 22:44:05', '2020-01-08 22:44:05'),
	(188, '张延梁', '3500183', '123456', 'student', '', '2020-01-08 22:44:19', '2020-01-08 22:44:19'),
	(189, '郑志辉', '3500184', '123456', 'student', '', '2020-01-08 22:44:28', '2020-01-08 22:44:28'),
	(190, '李根强', '3500185', '123456', 'student', '', '2020-01-08 22:44:41', '2020-01-08 22:44:41'),
	(191, '吴宇豪', '3500186', '123456', 'student', '', '2020-01-08 22:44:55', '2020-01-08 22:44:55'),
	(192, '尤嘉伟', '3500187', '123456', 'student', '', '2020-01-08 22:45:05', '2020-01-08 22:45:05'),
	(193, '李达周', '3500188', '123456', 'student', '', '2020-01-08 22:45:16', '2020-01-08 22:45:16'),
	(195, '方振新', '3500189', '123456', 'student', '', '2020-01-08 22:45:31', '2020-01-08 22:45:31'),
	(196, '唐梁荣', '3500190', '123456', 'student', '', '2020-01-08 22:45:46', '2020-01-08 22:45:46'),
	(197, '田钦宇', '3500191', '123456', 'student', '', '2020-01-08 22:45:57', '2020-01-08 22:45:57'),
	(198, '冯博', '3500192', '123456', 'student', '', '2020-01-08 22:46:09', '2020-01-08 22:46:09'),
	(199, '蔡滢滢', '3500193', '123456', 'student', '', '2020-01-08 22:46:21', '2020-01-08 22:46:21'),
	(200, '李家宏', '3500194', '123456', 'student', '', '2020-01-08 22:46:34', '2020-01-08 22:46:34'),
	(201, '林沛珊', '3500195', '123456', 'student', '', '2020-01-08 22:46:50', '2020-01-08 22:46:50'),
	(202, '沈信哲', '3500196', '123456', 'student', '', '2020-01-08 22:47:04', '2020-01-08 22:47:04'),
	(203, '苏诗婷', '3500197', '123456', 'student', '', '2020-01-08 22:47:16', '2020-01-08 22:47:16'),
	(204, '杨嘉辉', '3500198', '123456', 'student', '', '2020-01-08 22:47:27', '2020-01-08 22:47:27'),
	(205, '杨诗婷', '3500199', '123456', 'student', '', '2020-01-08 22:47:37', '2020-01-08 22:47:37'),
	(206, '李雄鑫', '3500200', '123456', 'student', '', '2020-01-08 22:47:53', '2020-01-08 22:47:53');
/*!40000 ALTER TABLE `user` ENABLE KEYS */;

-- Dumping structure for table zhiyuan.voluntary
CREATE TABLE IF NOT EXISTS `voluntary` (
  `id` int(11) NOT NULL AUTO_INCREMENT,
  `userId` int(11) NOT NULL DEFAULT '0',
  `status` varchar(50) NOT NULL DEFAULT '',
  `title` varchar(50) NOT NULL DEFAULT '',
  `nowPici` int(11) NOT NULL DEFAULT '1',
  `updateTime` datetime NOT NULL DEFAULT CURRENT_TIMESTAMP ON UPDATE CURRENT_TIMESTAMP,
  `insertTime` datetime NOT NULL DEFAULT CURRENT_TIMESTAMP,
  `tiaoji1` tinyint(4) NOT NULL DEFAULT '0',
  `tiaoji2` tinyint(4) NOT NULL DEFAULT '0',
  `tiaoji3` tinyint(4) NOT NULL DEFAULT '0',
  `tiaoji4` tinyint(4) NOT NULL DEFAULT '0',
  `tiaoji5` tinyint(4) NOT NULL DEFAULT '0',
  `tiaoji6` tinyint(4) NOT NULL DEFAULT '0',
  `tiaoji7` tinyint(4) NOT NULL DEFAULT '0',
  `tiaoji8` tinyint(4) NOT NULL DEFAULT '0',
  `tiaoji9` tinyint(4) NOT NULL DEFAULT '0',
  `tiaoji10` tinyint(4) NOT NULL DEFAULT '0',
  `tiaoji11` tinyint(4) NOT NULL DEFAULT '0',
  `tiaoji12` tinyint(4) NOT NULL DEFAULT '0',
  `tiaoji13` tinyint(4) NOT NULL DEFAULT '0',
  `tiaoji14` tinyint(4) NOT NULL DEFAULT '0',
  `tiaoji15` tinyint(4) NOT NULL DEFAULT '0',
  `tiaoji16` tinyint(4) NOT NULL DEFAULT '0',
  `tiaoji17` tinyint(4) NOT NULL DEFAULT '0',
  `tiaoji18` tinyint(4) NOT NULL DEFAULT '0',
  `tiaoji19` tinyint(4) NOT NULL DEFAULT '0',
  `tiaoji20` tinyint(4) NOT NULL DEFAULT '0',
  `speciality1` int(11) NOT NULL DEFAULT '0',
  `speciality2` int(11) NOT NULL DEFAULT '0',
  `speciality3` int(11) NOT NULL DEFAULT '0',
  `speciality4` int(11) NOT NULL DEFAULT '0',
  `speciality5` int(11) NOT NULL DEFAULT '0',
  `speciality6` int(11) NOT NULL DEFAULT '0',
  `speciality7` int(11) NOT NULL DEFAULT '0',
  `speciality8` int(11) NOT NULL DEFAULT '0',
  `speciality9` int(11) NOT NULL DEFAULT '0',
  `speciality10` int(11) NOT NULL DEFAULT '0',
  `speciality11` int(11) NOT NULL DEFAULT '0',
  `speciality12` int(11) NOT NULL DEFAULT '0',
  `speciality13` int(11) NOT NULL DEFAULT '0',
  `speciality14` int(11) NOT NULL DEFAULT '0',
  `speciality15` int(11) NOT NULL DEFAULT '0',
  `speciality16` int(11) NOT NULL DEFAULT '0',
  `speciality17` int(11) NOT NULL DEFAULT '0',
  `speciality18` int(11) NOT NULL DEFAULT '0',
  `speciality19` int(11) NOT NULL DEFAULT '0',
  `speciality20` int(11) NOT NULL DEFAULT '0',
  PRIMARY KEY (`id`)
) ENGINE=InnoDB AUTO_INCREMENT=12 DEFAULT CHARSET=utf8mb4 COLLATE=utf8mb4_0900_ai_ci COMMENT='志愿\r\n未填报\r\n已填报\r\n已提交\r\n预录取\r\n调剂\r\n未录取\r\n 正式录取';

-- Dumping data for table zhiyuan.voluntary: ~0 rows (大约)
DELETE FROM `voluntary`;
/*!40000 ALTER TABLE `voluntary` DISABLE KEYS */;
INSERT INTO `voluntary` (`id`, `userId`, `status`, `title`, `nowPici`, `updateTime`, `insertTime`, `tiaoji1`, `tiaoji2`, `tiaoji3`, `tiaoji4`, `tiaoji5`, `tiaoji6`, `tiaoji7`, `tiaoji8`, `tiaoji9`, `tiaoji10`, `tiaoji11`, `tiaoji12`, `tiaoji13`, `tiaoji14`, `tiaoji15`, `tiaoji16`, `tiaoji17`, `tiaoji18`, `tiaoji19`, `tiaoji20`, `speciality1`, `speciality2`, `speciality3`, `speciality4`, `speciality5`, `speciality6`, `speciality7`, `speciality8`, `speciality9`, `speciality10`, `speciality11`, `speciality12`, `speciality13`, `speciality14`, `speciality15`, `speciality16`, `speciality17`, `speciality18`, `speciality19`, `speciality20`) VALUES
	(11, 102, '未填报', '', 1, '2020-01-08 22:14:26', '2020-01-08 22:14:26', 0, 0, 0, 0, 0, 0, 0, 0, 0, 0, 0, 0, 0, 0, 0, 0, 0, 0, 0, 0, 0, 0, 0, 0, 0, 0, 0, 0, 0, 0, 0, 0, 0, 0, 0, 0, 0, 0, 0, 0);
/*!40000 ALTER TABLE `voluntary` ENABLE KEYS */;

/*!40101 SET SQL_MODE=IFNULL(@OLD_SQL_MODE, '') */;
/*!40014 SET FOREIGN_KEY_CHECKS=IF(@OLD_FOREIGN_KEY_CHECKS IS NULL, 1, @OLD_FOREIGN_KEY_CHECKS) */;
/*!40101 SET CHARACTER_SET_CLIENT=@OLD_CHARACTER_SET_CLIENT */;
